actual,predicted_proba,predicted
0,0.15608794066542053,0
0,0.27746001066926274,0
0,0.08075966129094664,0
0,0.18087426248717756,0
1,0.0,0
0,0.026542941654013497,0
0,0.0,0
0,0.17285419375689598,0
0,0.22733923488956875,0
0,0.22574547608901074,0
1,0.15916894204150092,0
0,0.17403094150875875,0
0,0.14049287436003766,0
0,0.0,0
0,0.1480692621765815,0
0,0.1472983769541986,0
0,0.23258879706742955,0
0,0.10177628833989287,0
