actual,predicted_proba,predicted
0,0.5679570545880054,1
0,0.7855849430619999,1
0,0.3486827419757749,0
0,0.6275385026268102,1
1,0.11331078345265592,0
0,0.1581517697225529,0
0,0.04381754542130307,0
0,0.5683531361953531,1
0,0.6883122199021954,1
0,0.7047439897254056,1
1,0.5607159124020898,1
0,0.6086089237272091,1
0,0.48023196444745764,0
0,0.08081276044713423,0
0,0.5390013438689116,1
0,0.5012041135088808,1
0,0.7211542925830817,1
0,0.3177950717926322,0
