actual,predicted_proba,predicted
0,0.3666022584806945,0
0,0.46946924075851093,0
0,0.3764562802045639,0
0,0.06141001724918004,0
1,0.1590604924320153,0
0,0.13835400180768603,0
0,0.07281029369333146,0
0,0.12563190828679432,0
0,0.16216453627147895,0
0,0.2595153114525742,0
1,0.23731582184720657,0
0,0.15934344836428213,0
0,0.254338712336397,0
0,0.04419531193904034,0
0,0.08010499410866885,0
0,0.3395629333974459,0
0,0.6936354511333462,1
0,0.2432543951715618,0
